dtype,tokens,q_heads,kv_heads,head_dim,sglang_fused_us,ours_fused_4warps_us,ours_over_sglang_speedup,upstream_trials,ours_trials
float16,1,8,2,64,2.324,1.604,1.449,2.324;2.271;2.705,1.604;1.579;1.687
float16,1,8,2,128,2.583,1.642,1.574,2.583;2.588;2.553,1.615;1.687;1.642
float16,4,8,2,128,2.576,1.643,1.567,2.576;2.574;2.606,1.643;1.624;1.963
float16,16,16,4,128,3.654,1.827,2.0,3.654;3.796;3.617,1.827;1.778;1.859
float16,64,16,4,128,7.447,2.886,2.58,7.944;7.442;7.447,3.092;2.886;2.821
float16,128,16,4,128,14.921,4.693,3.179,12.893;15.130;14.921,4.634;4.693;5.421
float16,256,32,8,128,41.27,25.013,1.65,152.646;40.611;41.270,35.801;24.748;25.013
float16,512,32,8,64,49.986,38.201,1.309,49.854;49.986;50.083,38.336;38.133;38.201
float32,1,8,2,64,2.009,1.423,1.411,2.031;2.009;1.955,1.449;1.423;1.419
float32,1,8,2,128,2.272,1.448,1.569,2.272;2.279;2.264,1.998;1.448;1.418
float32,4,8,2,128,7.754,4.655,1.666,7.720;8.295;7.754,4.655;4.665;4.514
float32,16,16,4,128,10.883,5.174,2.103,23.502;10.022;10.883,6.501;5.138;5.174
float32,64,16,4,128,16.57,7.877,2.104,21.697;16.570;16.166,7.877;8.225;5.610
float32,128,16,4,128,14.676,12.079,1.215,16.694;14.676;14.047,12.079;11.887;12.117
float32,256,32,8,128,48.044,44.537,1.079,122.712;48.044;47.821,44.456;44.537;44.720
float32,512,32,8,64,54.741,48.656,1.125,55.825;54.461;54.741,49.094;48.656;47.994
