shape,dtype,tokens,q_heads,kv_heads,head_dim,BH,warps,v2_us,v3_us,speedup_v3_over_v2,v2_ld_global,v2_st_global,v2_shfl_sync,v2_ld_shared,v2_st_shared,v2_bar_sync,v2_registers,v2_shared_bytes,v2_ptx_lines,v3_ld_global,v3_st_global,v3_shfl_sync,v3_ld_shared,v3_st_shared,v3_bar_sync,v3_registers,v3_shared_bytes,v3_ptx_lines,v2_trials_us,v3_trials_us,correctness
small_decode,float16,1,32,8,128,1,1,1.8059,1.6703,1.0812,14,4,0,0,0,0,34,0,445,8,7,0,0,0,0,29,0,363,1.7816;1.7702;1.8336;1.8059;3.7242,1.6703;1.7328;1.6507;1.6606;3.4476,PASS
small_decode,float16,1,32,8,128,1,2,1.7775,1.731,1.0268,10,4,0,0,0,0,24,0,358,8,7,0,0,0,0,23,0,340,1.7357;1.7775;1.6809;2.0489;3.4148,1.7310;1.6566;1.6558;1.7664;3.3887,PASS
small_decode,float16,1,32,8,128,1,4,1.7146,1.64,1.0455,8,4,0,0,0,0,23,0,324,8,7,0,0,0,0,22,0,343,1.6854;1.7146;1.6928;1.7929;3.9209,1.7335;1.6218;1.6400;1.6312;4.0401,PASS
small_decode,float16,1,32,8,128,2,1,1.9612,1.7444,1.1243,22,4,0,6,18,7,56,544,642,8,7,0,2,2,3,36,256,432,1.9713;1.9612;1.9483;1.8845;4.4040,1.7700;1.7443;1.7444;1.6677;3.7363,PASS
small_decode,float16,1,32,8,128,2,2,1.8813,1.8115,1.0386,14,4,0,4,10,7,42,528,489,8,7,0,2,2,3,28,256,386,1.8813;1.9373;1.8400;2.0662;1.7207,1.8355;1.7239;1.8115;1.6643;2.2677,PASS
small_decode,float16,1,32,8,128,2,4,1.7555,1.716,1.023,10,4,0,4,6,7,29,520,419,8,7,0,0,0,0,23,0,350,1.7427;1.8819;1.7555;1.7639;1.7189,1.7770;1.7160;1.7926;1.7121;1.5379,PASS
small_decode,float16,1,32,8,128,4,1,2.1716,1.83,1.1867,41,8,0,8,34,7,82,1088,990,9,8,0,4,2,3,58,256,550,2.1450;2.3198;2.4084;2.1716;2.0134,1.8303;1.8870;1.8300;1.7373;1.7802,PASS
small_decode,float16,1,32,8,128,4,2,1.9605,1.7517,1.1192,22,4,0,6,18,7,55,1088,636,8,7,0,2,2,3,34,256,428,2.0599;1.9628;1.9605;1.9506;1.9562,1.7517;1.7595;1.7494;1.8149;1.6407,PASS
small_decode,float16,1,32,8,128,4,4,1.9156,1.6488,1.1618,14,4,0,4,10,7,40,1056,484,8,7,0,0,0,0,28,0,373,2.1473;1.9289;1.9156;1.8014;1.8269,1.7095;1.6488;1.6485;1.6784;1.6063,PASS
small_decode,float16,1,32,8,128,8,1,2.6338,1.9851,1.3268,79,16,0,12,66,7,128,2176,1672,15,16,0,4,2,3,75,256,815,2.7977;2.6338;2.7267;2.5111;2.5694,2.1404;1.9851;2.0592;1.9758;1.9161,PASS
small_decode,float16,1,32,8,128,8,2,2.4135,1.9668,1.2271,41,8,0,8,34,7,64,2176,982,9,8,0,4,2,3,53,256,546,2.4135;2.3848;2.3763;5.7738;2.4219,1.8744;2.0161;1.9668;3.6226;1.7395,PASS
small_decode,float16,1,32,8,128,8,4,2.3483,1.7861,1.3148,22,4,0,6,18,7,48,2176,634,8,7,0,0,0,0,32,0,423,2.3483;2.3257;2.3108;4.8400;3.8389,1.7861;1.7723;1.8826;1.7641;3.5006,PASS
medium_prefill,float16,64,32,8,128,1,1,8.0862,7.572,1.0679,14,4,0,0,0,0,34,0,445,8,7,0,0,0,0,29,0,363,11.6400;5.9660;8.1663;7.6342;8.0862,7.6487;5.1745;7.5720;7.3509;8.0396,PASS
medium_prefill,float16,64,32,8,128,1,2,6.8092,7.0558,0.9651,10,4,0,0,0,0,24,0,358,8,7,0,0,0,0,23,0,340,5.0091;6.0778;6.9950;6.8092;7.5055,5.0578;6.2239;7.0642;7.0558;7.6308,PASS
medium_prefill,float16,64,32,8,128,1,4,6.7276,6.6616,1.0099,8,4,0,0,0,0,23,0,324,8,7,0,0,0,0,22,0,343,5.1915;6.7276;6.7101;7.9662;8.2372,5.7796;6.5910;6.6616;7.7698;8.4769,PASS
medium_prefill,float16,64,32,8,128,2,1,5.8707,4.4651,1.3148,22,4,0,6,18,7,56,544,642,8,7,0,2,2,3,36,256,432,5.2171;6.3050;6.2467;4.6894;5.8707,3.8714;4.8076;4.6755;3.5374;4.4651,PASS
medium_prefill,float16,64,32,8,128,2,2,4.728,3.7804,1.2507,14,4,0,4,10,7,42,528,489,8,7,0,2,2,3,28,256,386,4.7280;5.8129;6.2517;4.3357;4.3259,3.7804;4.6062;4.5619;3.4816;3.4550,PASS
medium_prefill,float16,64,32,8,128,2,4,5.291,3.823,1.384,10,4,0,4,6,7,29,520,419,8,7,0,0,0,0,23,0,350,5.2910;7.3054;6.3118;4.8055;4.6914,3.8230;5.3093;4.9540;3.4229;3.4257,PASS
medium_prefill,float16,64,32,8,128,4,1,4.689,3.563,1.316,41,8,0,8,34,7,82,1088,990,9,8,0,4,2,3,58,256,550,4.6890;6.6692;5.9715;4.2552;4.1803,3.5630;4.9769;4.5914;3.1431;3.1564,PASS
medium_prefill,float16,64,32,8,128,4,2,4.7467,3.5732,1.3284,22,4,0,6,18,7,55,1088,636,8,7,0,2,2,3,34,256,428,4.7467;7.1567;5.8741;4.5264;4.6620,3.5732;4.8753;4.1374;3.1335;3.0535,PASS
medium_prefill,float16,64,32,8,128,4,4,4.6594,3.2831,1.4192,14,4,0,4,10,7,40,1056,484,8,7,0,0,0,0,28,0,373,4.6594;6.3247;6.0269;4.2718;4.2560,3.2831;4.3687;3.9350;3.0375;2.9385,PASS
medium_prefill,float16,64,32,8,128,8,1,5.9225,5.1156,1.1577,79,16,0,12,66,7,128,2176,1672,15,16,0,4,2,3,75,256,815,5.9225;8.1814;7.1870;5.3729;5.7375,3.9045;5.1944;5.1156;3.4949;5.7890,PASS
medium_prefill,float16,64,32,8,128,8,2,7.8839,4.8191,1.636,41,8,0,8,34,7,64,2176,982,9,8,0,4,2,3,53,256,546,5.8967;7.8180;9.1376;8.2660;7.8839,3.6965;4.8191;5.0738;4.7909;5.1483,PASS
medium_prefill,float16,64,32,8,128,8,4,8.7362,4.5608,1.9155,22,4,0,6,18,7,48,2176,634,8,7,0,0,0,0,32,0,423,6.3868;6.2934;9.5861;8.7362;9.2585,3.2717;3.6463;5.0411;4.5608;4.7937,PASS
large_prefill,float16,256,64,8,128,1,1,37.8441,37.5928,1.0067,14,4,0,0,0,0,34,0,445,8,7,0,0,0,0,29,0,363,824.6679;38.0245;37.8441;37.7445;37.7852,38.2857;37.5589;37.5928;37.6493;37.5859,PASS
large_prefill,float16,256,64,8,128,1,2,37.5715,37.6927,0.9968,10,4,0,0,0,0,24,0,358,8,7,0,0,0,0,23,0,340,37.6206;37.9301;37.5675;37.5096;37.5715,37.7128;37.6877;37.5993;37.6927;37.6976,PASS
large_prefill,float16,256,64,8,128,1,4,40.9303,40.9603,0.9993,8,4,0,0,0,0,23,0,324,8,7,0,0,0,0,22,0,343,40.8011;41.2536;40.8322;40.9510;40.9303,40.9324;41.1892;41.0339;40.8295;40.9603,PASS
large_prefill,float16,256,64,8,128,2,1,36.4193,36.2638,1.0043,22,4,0,6,18,7,58,544,645,8,7,0,2,2,3,36,256,432,36.4138;36.7488;36.6267;36.3335;36.4193,36.2638;36.4165;36.3510;36.0050;36.0221,PASS
large_prefill,float16,256,64,8,128,2,2,36.5021,36.133,1.0102,14,4,0,4,10,7,42,528,489,8,7,0,2,2,3,28,256,386,36.6672;36.5021;36.6954;36.3713;36.4438,36.1205;36.0960;36.2564;36.1330;36.1495,PASS
large_prefill,float16,256,64,8,128,2,4,37.3123,36.497,1.0223,10,4,0,4,6,7,29,520,419,8,7,0,0,0,0,23,0,350,37.4236;37.3123;37.2770;37.6917;37.2077,36.4970;36.6436;36.2256;36.3601;36.5541,PASS
large_prefill,float16,256,64,8,128,4,1,36.6308,36.5353,1.0026,41,8,0,8,34,7,82,1088,990,9,8,0,4,2,3,58,256,550,36.9120;36.2541;36.6308;36.7658;36.6245,36.6866;36.3033;36.4354;36.9891;36.5353,PASS
large_prefill,float16,256,64,8,128,4,2,36.7389,36.545,1.0053,22,4,0,6,18,7,55,1088,636,8,7,0,2,2,3,34,256,428,36.8071;36.7354;36.7389;37.1606;36.7205,36.6015;36.3955;36.5450;36.6456;36.5363,PASS
large_prefill,float16,256,64,8,128,4,4,36.8239,36.7252,1.0027,14,4,0,4,10,7,40,1056,484,8,7,0,0,0,0,28,0,373,36.8386;36.8239;36.7167;37.0592;36.7657,36.7856;36.6539;36.6657;36.7930;36.7252,PASS
large_prefill,float16,256,64,8,128,8,1,37.1677,36.774,1.0107,79,16,0,12,66,7,128,2176,1672,15,16,0,4,2,3,75,256,815,37.1195;36.9395;37.3157;37.3727;37.1677,36.7740;36.4974;36.8448;36.6074;37.1045,PASS
large_prefill,float16,256,64,8,128,8,2,37.4416,37.1163,1.0088,41,8,0,8,34,7,64,2176,982,9,8,0,4,2,3,53,256,546,37.4685;36.9336;37.5562;37.2486;37.4416,37.3144;36.6990;37.2199;36.7930;37.1163,PASS
large_prefill,float16,256,64,8,128,8,4,37.4015,37.1747,1.0061,22,4,0,6,18,7,48,2176,634,8,7,0,0,0,0,32,0,423,37.5927;37.0333;37.4572;37.1913;37.4015,37.1747;37.0884;37.5775;36.9404;37.3407,PASS
