case,mode,BH,warps,latency_us,trials
small_decode,V2,1,4,1.662,1.6635;1.7494;1.6324;1.6407;1.6509;1.6800;1.6407;1.6805;1.6620
small_decode,V3,1,4,1.6097,1.6097;1.6389;2.0320;1.5994;1.6084;1.7367;1.5987;1.8143;1.5987
small_decode,V3,2,4,1.6327,1.6025;1.6119;1.6388;1.6343;1.6341;1.6327;1.6312;1.6588;1.6274
medium_prefill,V2,4,4,4.0231,3.9091;4.0231;3.9673;4.2436;4.0042;3.8507;4.0338;4.0325;4.0453
medium_prefill,V3,4,4,2.8111,2.7865;2.7830;2.8633;3.3891;2.8313;2.7789;2.8595;2.8111;2.7771
medium_prefill,V3,8,4,2.9305,3.0714;2.8619;2.9361;2.9305;2.9034;3.0050;2.9032;2.9756;2.8817
medium_prefill,V3,4,2,2.9833,2.8825;2.9833;3.1369;3.1886;2.8897;3.0002;2.9575;2.9164;3.0561
medium_prefill,V3,2,2,3.2342,3.1988;3.1559;3.1719;3.4702;3.3090;3.1989;3.2342;3.2631;3.2646
large_prefill,V2,2,1,36.3429,36.3724;36.4606;36.5543;36.3233;36.2597;36.3399;36.1823;36.3429;36.4480
large_prefill,V3,2,1,36.0542,36.1691;36.0516;36.0319;36.1430;36.2435;35.9908;36.0542;36.1898;35.8908
large_prefill,V3,2,2,36.1518,36.0944;36.3198;36.2932;36.1449;36.1198;36.2709;36.1518;36.2524;36.1359
large_prefill,V3,4,1,36.4699,36.2705;36.3623;36.6883;36.6826;36.4715;36.4653;36.4945;36.4522;36.4699
