case,dtype,tokens,q_heads,kv_heads,head_dim,BH,warps,grid_programs,tile_elements,latency_us,vs_bh1_w4,vs_bh1_best,sglang_fused_us,registers_per_thread,shared_bytes_per_program,trials_us,correctness
small_decode,float16,1,32,8,128,1,1,32,128,1.7203,0.9826,0.9826,2.7449,,,1.7155;1.7203;1.7178;1.9072;1.7370,PASS
small_decode,float16,1,32,8,128,1,2,32,128,1.7902,0.9442,0.9442,2.7449,,,1.7902;1.7746;2.2979;1.9121;1.6562,PASS
small_decode,float16,1,32,8,128,1,4,32,128,1.6903,1.0,1.0,2.7449,,,1.6903;1.6811;2.2227;1.7586;1.6694,PASS
small_decode,float16,1,32,8,128,2,1,16,256,1.97,0.858,0.858,2.7449,56,544,1.9698;1.9700;2.0182;2.0285;1.9394,PASS
small_decode,float16,1,32,8,128,2,2,16,256,1.8338,0.9217,0.9217,2.7449,42,528,1.8263;1.8294;1.9586;1.8338;1.8557,PASS
small_decode,float16,1,32,8,128,2,4,16,256,1.7794,0.9499,0.9499,2.7449,29,520,1.7447;1.8021;1.7794;1.8156;1.7703,PASS
small_decode,float16,1,32,8,128,4,1,8,512,2.1979,0.7691,0.7691,2.7449,82,1088,2.1979;2.1530;2.3760;2.3067;2.1474,PASS
small_decode,float16,1,32,8,128,4,2,8,512,1.983,0.8524,0.8524,2.7449,55,1088,1.9991;1.9718;1.9733;1.9830;1.9930,PASS
small_decode,float16,1,32,8,128,4,4,8,512,1.8775,0.9003,0.9003,2.7449,40,1056,1.8722;1.8544;1.9393;1.8786;1.8775,PASS
small_decode,float16,1,32,8,128,8,1,4,1024,2.6294,0.6428,0.6428,2.7449,128,2176,2.6171;2.6076;2.7747;2.6294;2.7104,PASS
small_decode,float16,1,32,8,128,8,2,4,1024,2.4339,0.6945,0.6945,2.7449,64,2176,2.4339;2.4658;2.3939;2.4295;2.4412,PASS
small_decode,float16,1,32,8,128,8,4,4,1024,2.3169,0.7296,0.7296,2.7449,48,2176,2.2758;2.3538;2.3169;2.6920;2.2868,PASS
medium_prefill,float16,64,32,8,128,1,1,2048,128,4.9379,1.2717,1.0,13.1429,,,4.7052;4.9379;6.6546;6.8454;4.8725,PASS
medium_prefill,float16,64,32,8,128,1,2,2048,128,5.9043,1.0635,0.8363,13.1429,,,4.4268;5.9043;6.4627;6.4740;4.5229,PASS
medium_prefill,float16,64,32,8,128,1,4,2048,128,6.2794,1.0,0.7864,13.1429,,,4.6879;6.3663;6.2794;6.9273;4.7204,PASS
medium_prefill,float16,64,32,8,128,2,1,1024,256,4.6789,1.3421,1.0554,13.1429,56,544,4.5768;5.8660;6.1563;4.6789;4.6411,PASS
medium_prefill,float16,64,32,8,128,2,2,1024,256,4.3065,1.4581,1.1466,13.1429,42,528,4.2034;5.3790;5.5702;4.2520;4.3065,PASS
medium_prefill,float16,64,32,8,128,2,4,1024,256,5.8122,1.0804,0.8496,13.1429,29,520,4.7273;5.8122;6.5050;6.7693;4.5034,PASS
medium_prefill,float16,64,32,8,128,4,1,512,512,5.0837,1.2352,0.9713,13.1429,82,1088,3.9879;5.0837;5.4606;5.7660;4.0215,PASS
medium_prefill,float16,64,32,8,128,4,2,512,512,4.415,1.4223,1.1185,13.1429,55,1088,4.1851;4.4150;5.8156;6.2719;4.2332,PASS
medium_prefill,float16,64,32,8,128,4,4,512,512,4.2638,1.4727,1.1581,13.1429,40,1056,4.0672;4.2638;5.5625;5.8171;4.1087,PASS
medium_prefill,float16,64,32,8,128,8,1,256,1024,5.3229,1.1797,0.9277,13.1429,128,2176,5.1962;5.3229;7.1859;7.7709;5.2570,PASS
medium_prefill,float16,64,32,8,128,8,2,256,1024,5.2672,1.1922,0.9375,13.1429,64,2176,5.1746;5.2672;7.4129;7.7602;5.2473,PASS
medium_prefill,float16,64,32,8,128,8,4,256,1024,5.5854,1.1242,0.8841,13.1429,48,2176,5.5854;5.4077;7.6551;8.0629;5.5000,PASS
large_prefill,float16,256,64,8,128,1,1,16384,128,37.6841,1.086,0.999,71.3405,,,981.7088;37.6841;37.6986;37.5942;37.4913,PASS
large_prefill,float16,256,64,8,128,1,2,16384,128,37.6457,1.0871,1.0,71.3405,,,223.5522;37.3546;37.8950;37.6457;37.6224,PASS
large_prefill,float16,256,64,8,128,1,4,16384,128,40.9246,1.0,0.9199,71.3405,,,41.6973;40.4416;40.6948;41.2780;40.9246,PASS
large_prefill,float16,256,64,8,128,2,1,8192,256,36.5382,1.12,1.0303,71.3405,58,544,36.2353;36.5382;36.8687;36.9369;36.3823,PASS
large_prefill,float16,256,64,8,128,2,2,8192,256,36.7326,1.1141,1.0249,71.3405,42,528,36.7251;36.4617;36.7326;36.9730;36.8803,PASS
large_prefill,float16,256,64,8,128,2,4,8192,256,37.2457,1.0988,1.0107,71.3405,29,520,37.2457;37.1854;37.4621;37.5866;37.1852,PASS
large_prefill,float16,256,64,8,128,4,1,4096,512,36.605,1.118,1.0284,71.3405,82,1088,36.6359;36.5975;36.7986;36.6050;36.5222,PASS
large_prefill,float16,256,64,8,128,4,2,4096,512,36.6217,1.1175,1.028,71.3405,55,1088,36.7164;36.6217;36.6284;36.5320;36.5571,PASS
large_prefill,float16,256,64,8,128,4,4,4096,512,36.6355,1.1171,1.0276,71.3405,40,1056,36.9654;36.3414;36.7285;36.5700;36.6355,PASS
large_prefill,float16,256,64,8,128,8,1,2048,1024,37.2357,1.0991,1.011,71.3405,128,2176,37.2357;37.2702;36.7873;37.6186;36.9193,PASS
large_prefill,float16,256,64,8,128,8,2,2048,1024,37.0347,1.105,1.0165,71.3405,64,2176,37.3200;36.9773;36.8307;37.0533;37.0347,PASS
large_prefill,float16,256,64,8,128,8,4,2048,1024,36.862,1.1102,1.0213,71.3405,48,2176,36.8620;36.6881;36.8216;37.6401;37.0795,PASS
